stage,context_tokens,concurrency,input_seq_len_avg,aggregate_tps,ttft_avg,request_latency_p50,request_latency_p90,completed_request_count,output_seq_len_avg,num_errors,loop_detected,capacity_limited,underfilled,warmup_timed_out
results,8192,1,8164.0,64.34348762492283,0.32822232801117934,32.384967214020435,32.384967214020435,1,2048.0,0,False,False,False,False
results,32768,1,32229.0,64.69319337747035,0.36927863050368614,32.41629315097816,32.41629315097816,1,2048.0,0,False,False,False,False
results,65536,1,64328.0,65.47622421585233,0.4764347930031363,31.51513543399051,31.51513543399051,1,2048.0,0,False,False,False,False
results,131072,1,128495.0,66.23460861363347,0.6109543160127942,30.277535250002984,30.277535250002984,1,2048.0,0,False,False,False,False
results,8192,2,8164.0,93.59534737745186,0.4904730540001765,0.0,0.0,0,1591.5,0,False,False,False,False
results,8192,4,8164.0,141.40316813334599,0.6578571495192591,0.0,0.0,0,1192.5,0,False,False,False,False
results,8192,8,8164.0,180.5050615504663,0.945455185501487,0.0,0.0,0,767.75,0,False,False,False,False
results,8192,16,8164.0,236.56949913361265,1.5289614578759938,0.0,0.0,0,515.4375,0,False,False,False,False
results,32768,2,32229.0,99.22629369447053,0.5282308544847183,0.0,0.0,0,1659.5,0,False,False,False,False
results,32768,4,32229.0,132.8949198341964,0.7433281850098865,0.0,0.0,0,1117.25,0,False,False,False,False
results,32768,8,32229.0,176.24940760199658,1.0488743075038656,0.0,0.0,0,763.0,0,False,False,False,False
results,32768,16,32229.0,235.12691289554135,1.6392217285647348,0.0,0.0,0,501.875,0,False,False,False,False
results,65536,2,64328.0,110.7318170520624,0.6502921246768286,31.624466534005478,31.624466534005478,1,2048.0,0,False,False,False,False
results,65536,4,64328.0,137.84707656738553,0.9258992244867841,0.0,0.0,0,1161.5,0,False,False,False,False
results,65536,8,64328.0,171.4529716119403,1.3929923517571297,0.0,0.0,0,731.5,0,False,False,False,False
results,65536,16,64328.0,236.16137374370246,2.179071202121122,0.0,0.0,0,506.0625,0,False,False,False,False
results,131072,2,0.0,-3.0,0.0,0.0,0.0,0,0.0,2,True,False,False,False
results,131072,4,128495.0,131.00998024699376,1.1643430330150295,0.0,0.0,0,1113.0,0,False,False,False,False
results,131072,8,128495.0,171.29154871720866,1.9123153779873974,0.0,0.0,0,731.375,0,False,False,False,False
results,131072,16,128495.0,240.67576901913097,3.3088336595028522,0.0,0.0,0,538.75,0,False,False,False,False
burst_results,8192,1,8164.0,62.90084171037523,0.30688687303336337,32.465383678034414,32.465383678034414,1,2048.0,0,False,False,False,False
burst_results,32768,1,32229.0,59.6307561108204,0.40070480800932273,34.23757659003604,34.23757659003604,1,2048.0,0,False,False,False,False
burst_results,65536,1,64328.0,61.052137444840994,0.4662379969959147,33.303819434018806,33.303819434018806,1,2048.0,0,False,False,False,False
burst_results,131072,1,128495.0,63.86307522573082,0.6150813749991357,31.950607927981764,31.950607927981764,1,2048.0,0,False,False,False,False
burst_results,8192,2,8164.0,93.65476486948322,0.4756473994930275,38.64181604998885,42.64649471238954,2,2048.0,0,False,False,False,False
burst_results,8192,4,8164.0,128.83839783853603,0.646800876755151,61.16688531500404,62.952103925182016,4,2048.0,0,False,False,False,False
burst_results,8192,8,8164.0,173.76367252497673,0.9383893857520889,90.41637078652275,93.61663671718561,8,2048.0,0,False,False,False,False
burst_results,8192,16,8164.0,235.97855285352816,1.512653664311074,132.0445450625266,137.0844035760092,16,2048.0,0,False,False,False,False
burst_results,32768,2,32229.0,96.42956477463693,0.5362770714855287,41.86327269850881,42.29517633731594,2,2048.0,0,False,False,False,False
burst_results,32768,4,32229.0,126.18209530015329,0.7510463622456882,62.71002174599562,64.45406734162825,4,2048.0,0,False,False,False,False
burst_results,32768,8,32229.0,164.7737158817185,1.0464896629855502,94.26408537948737,98.79926884039887,8,2048.0,0,False,False,False,False
burst_results,32768,16,32229.0,237.80324900171095,1.6158284704397374,133.62323195501813,136.42130742801237,16,2048.0,0,False,False,False,False
burst_results,65536,2,64328.0,99.96501041582165,0.6337622629944235,38.747428112488706,40.52308362886542,2,2048.0,0,False,False,False,False
burst_results,65536,4,64328.0,128.13730015418753,0.9447592040232848,56.78073899651645,62.8416452449339,4,2048.0,0,False,False,False,False
burst_results,65536,8,64328.0,170.4730700167442,1.4042500239957008,93.65714162500808,95.92617145958357,8,2048.0,0,False,False,False,False
burst_results,65536,16,64328.0,232.2211855931559,2.20181624032557,137.4673290385108,140.2137520960241,16,2048.0,0,False,False,False,False
burst_results,131072,2,128495.0,105.8439877284222,0.7936288694909308,32.36001489602495,37.28139924884308,2,2048.0,0,False,False,False,False
burst_results,131072,4,128495.0,124.2529575414602,1.1848573140159715,62.070783691015095,65.2139151570038,4,2048.0,0,False,False,False,False
burst_results,131072,8,128495.0,159.73877632442486,1.8707065832641092,99.63598369897227,101.9705243541277,8,2048.0,0,False,False,False,False
burst_results,131072,16,0.0,-3.0,0.0,0.0,0.0,0,0.0,15,True,False,False,False
