layer,context,concurrency,aggregate_tps,per_user_tps,ttft_avg,request_latency_avg,steps_per_s,accept_length,errors,failure,loop_detected,capacity_limited,warmup_timed_out
results,8192,1,76.93220470810878,76.93220470810878,0.6667739650001749,25.138050636975095,21.342267452617957,3.6046875,0,,False,False,False
results,32768,1,57.98159407636395,57.98159407636395,0.47849909000797197,0.0,23.172632480202957,2.502158273381295,0,,False,False,False
results,65536,1,59.59079287913777,59.59079287913777,0.5623496080515906,0.0,22.80923465547299,2.6125730994152048,0,,False,False,False
results,131072,1,58.873644673237344,58.873644673237344,1.0287946870084852,0.0,20.480689988310328,2.8745928338762217,0,,False,False,False
results,8192,2,81.49910646142574,40.74955323071287,0.5732322034891695,0.0,36.778057051798186,2.215970961887477,0,,False,False,False
results,8192,4,127.99615421372363,31.999038553430907,0.8103754117619246,0.0,47.769218877782706,2.679469273743017,0,,False,False,False
results,8192,8,153.76404237684463,19.22050529710558,1.2962035274977097,0.0,66.83940116359254,2.3005,0,,False,False,False
results,8192,16,219.21563045474622,13.700976903421639,1.7803792839986272,0.0,99.23725528343851,2.209005376344086,0,,False,False,False
results,32768,2,81.14826600681708,40.57413300340854,0.6704289269982837,0.0,34.68729825198922,2.339423076923077,0,,False,False,False
results,32768,4,123.3383148132478,30.83457870331195,1.321850017993711,0.0,50.54903629545382,2.4399736147757256,0,,False,False,False
results,32768,8,158.25244428349666,19.781555535437082,1.3219345182515099,0.0,66.0439313122544,2.3961693548387095,0,,False,False,False
results,32768,16,211.43838236869007,13.21489889804313,2.0713477942554164,0.0,96.59655392644368,2.188881215469613,0,,False,False,False
results,65536,2,85.73526019890592,42.86763009945296,0.773180415504612,0.0,33.60075516349035,2.5515873015873014,0,,False,False,False
results,65536,4,123.24198024046959,30.810495060117397,0.9867589264904382,0.0,46.06552890895126,2.6753623188405795,0,,False,False,False
results,65536,8,150.7671152452673,18.84588940565841,1.4995224448721274,0.0,64.08520284943839,2.3526041666666666,0,,False,False,False
results,65536,16,205.41920321093835,12.838700200683647,2.6092035071233113,0.0,93.6307616784352,2.1939285714285712,0,,False,False,False
results,131072,2,78.94250955718587,39.471254778592936,0.8406382410030346,0.0,32.884374492346964,2.400608519269777,0,,False,False,False
results,131072,4,106.43252831958857,26.608132079897143,1.3235974422568688,0.0,44.33575834642836,2.4006024096385543,0,,False,False,False
results,131072,8,131.45781792501467,16.432227240626833,2.3895339375012554,0.0,56.615657491321706,2.321933962264151,0,,False,False,False
results,131072,16,188.5973489896943,11.787334311855894,3.6323436866150587,0.0,84.82015624371948,2.2234968354430378,0,,False,False,False
burst_results,8192,1,58.02605362047434,58.02605362047434,0.372932831000071,35.08046596398344,22.92142450144714,2.5315203955500616,0,,False,False,False
burst_results,32768,1,78.24945481709237,78.24945481709237,0.48781522002536803,26.076512919040397,20.899634660619885,3.7440585009140768,0,,False,False,False
burst_results,65536,1,52.682382457977695,52.682382457977695,0.5439838220481761,38.858354611031245,22.55978975373361,2.3352337514253136,0,,False,False,False
burst_results,131072,1,53.74201401001331,53.74201401001331,1.0174428829923272,37.89175280701602,21.78021075601125,2.4674698795180725,0,,False,False,False
burst_results,8192,2,85.7152211347801,42.85761056739005,0.574454835994402,47.64376536797499,34.36142409748753,2.494518879415347,0,,False,False,False
burst_results,8192,4,115.00798435002157,28.751996087505393,0.8203269249934237,68.21552056648943,48.8699699124054,2.353346739442689,0,,False,False,False
burst_results,8192,8,144.76374472313586,18.095468090391982,1.1088096022504033,103.0736207218797,60.67459930503992,2.385903596912771,0,,False,False,False
burst_results,8192,16,213.8349955802716,13.364687223766975,2.0636313092581986,140.06506940850522,87.81017152490647,2.435196195005945,0,,False,False,False
burst_results,32768,2,85.29900708646731,42.649503543233656,0.8384780199849047,45.866601181507576,33.65312388958281,2.5346534653465347,0,,False,False,False
burst_results,32768,4,127.76115544867804,31.94028886216951,1.00034272474295,62.224426323504304,50.67089771151794,2.521391197291474,0,,False,False,False
burst_results,32768,8,158.21495132398854,19.776868915498568,1.398591379991558,100.14994197210763,66.69864921843194,2.372086289271753,0,,False,False,False
burst_results,32768,16,224.90501587814384,14.05656349238399,2.222632027194777,139.497541144945,95.38970674665659,2.35774931644841,0,,False,False,False
burst_results,65536,2,91.56491681176621,45.782458405883105,0.7481120380107313,43.79693627101369,36.035802221818145,2.5409429280397022,0,,False,False,False
burst_results,65536,4,123.37769774575027,30.844424436437567,1.1073138149949955,63.063353703255416,53.14940128720126,2.3213374893737604,0,,False,False,False
burst_results,65536,8,163.12000969487693,20.390001211859616,1.6097725081053795,96.63557818224217,68.86603436642234,2.3686569321960387,0,,False,False,False
burst_results,65536,16,220.78502520005173,13.799064075003233,2.285171540439478,140.43048999425446,94.16783179308848,2.3445907269605035,0,,False,False,False
burst_results,131072,2,92.5826543269925,46.29132716349625,0.8528018110082485,40.84962205798365,31.2602077476149,2.9616775126536514,0,,False,False,False
burst_results,131072,4,122.04651931470286,30.511629828675716,2.3581184132635826,62.82119288625836,44.918244108133436,2.7170812603648424,0,,False,False,False
burst_results,131072,8,-3.0,-0.375,0.0,0.0,0.0,0.0,1,,True,False,False
burst_results,131072,16,207.87889582539304,12.992430989087065,3.2761321468642564,145.29967620398747,87.89557195009829,2.3650667629014794,0,,False,False,False
