timestamp, clocks.current.sm [MHz], power.draw [W], temperature.gpu, utilization.gpu [%], clocks_event_reasons.active
2026/10/01 05:09:08.420, 2405 MHz, 11.01 W, 49, 0 %, 0x0000000000000000
2026/10/01 05:09:09.428, 2281 MHz, 10.99 W, 49, 0 %, 0x0000000000000000
2026/10/01 05:09:10.428, 2281 MHz, 11.02 W, 49, 0 %, 0x0000000000000000
2026/10/01 05:09:11.429, 2281 MHz, 10.99 W, 49, 0 %, 0x0000000000000000
2026/10/01 05:09:12.429, 2281 MHz, 10.98 W, 49, 0 %, 0x0000000000000000
2026/10/01 05:09:13.429, 2281 MHz, 10.96 W, 49, 0 %, 0x0000000000000000
2026/10/01 05:09:14.430, 2281 MHz, 10.97 W, 49, 0 %, 0x0000000000000000
2026/10/01 05:09:15.430, 2281 MHz, 10.96 W, 49, 0 %, 0x0000000000000000
2026/10/01 05:09:16.431, 2281 MHz, 10.95 W, 49, 0 %, 0x0000000000000000
2026/10/01 05:09:17.431, 2281 MHz, 10.99 W, 49, 0 %, 0x0000000000000000
2026/10/01 05:09:18.431, 2281 MHz, 10.97 W, 48, 0 %, 0x0000000000000000
2026/10/01 05:09:19.432, 2281 MHz, 10.97 W, 48, 0 %, 0x0000000000000000
2026/10/01 05:09:20.432, 2281 MHz, 10.96 W, 48, 0 %, 0x0000000000000000
2026/10/01 05:09:21.432, 2281 MHz, 20.85 W, 51, 76 %, 0x0000000000000000
2026/10/01 05:09:22.432, 2268 MHz, 43.22 W, 55, 96 %, 0x0000000000000000
2026/10/01 05:09:23.432, 2275 MHz, 38.66 W, 56, 96 %, 0x0000000000000000
2026/10/01 05:09:24.433, 2268 MHz, 43.42 W, 57, 96 %, 0x0000000000000000
2026/10/01 05:09:25.433, 2281 MHz, 33.31 W, 56, 96 %, 0x0000000000000000
2026/10/01 05:09:26.433, 2268 MHz, 43.62 W, 57, 96 %, 0x0000000000000000
2026/10/01 05:09:27.433, 2281 MHz, 33.04 W, 55, 96 %, 0x0000000000000000
2026/10/01 05:09:28.434, 2268 MHz, 43.24 W, 56, 96 %, 0x0000000000000000
2026/10/01 05:09:29.434, 2275 MHz, 32.82 W, 55, 96 %, 0x0000000000000000
2026/10/01 05:09:30.434, 2268 MHz, 43.98 W, 60, 96 %, 0x0000000000000000
2026/10/01 05:09:31.434, 2275 MHz, 32.89 W, 59, 77 %, 0x0000000000000000
2026/10/01 05:09:32.434, 2275 MHz, 43.33 W, 58, 96 %, 0x0000000000000000
2026/10/01 05:09:33.434, 2275 MHz, 31.94 W, 54, 0 %, 0x0000000000000000
2026/10/01 05:09:34.435, 2275 MHz, 11.33 W, 53, 0 %, 0x0000000000000000
2026/10/01 05:09:35.435, 2268 MHz, 39.56 W, 59, 96 %, 0x0000000000000000
2026/10/01 05:09:36.435, 2275 MHz, 40.99 W, 60, 80 %, 0x0000000000000000
2026/10/01 05:09:37.436, 2268 MHz, 43.80 W, 60, 96 %, 0x0000000000000000
2026/10/01 05:09:38.436, 2275 MHz, 40.37 W, 60, 96 %, 0x0000000000000000
2026/10/01 05:09:39.436, 2268 MHz, 43.89 W, 60, 96 %, 0x0000000000000000
2026/10/01 05:09:40.437, 2268 MHz, 41.24 W, 62, 96 %, 0x0000000000000000
2026/10/01 05:09:41.437, 2268 MHz, 44.32 W, 62, 96 %, 0x0000000000000000
2026/10/01 05:09:42.438, 2268 MHz, 41.43 W, 61, 96 %, 0x0000000000000000
2026/10/01 05:09:43.438, 2268 MHz, 43.56 W, 60, 96 %, 0x0000000000000000
2026/10/01 05:09:44.438, 2268 MHz, 42.40 W, 63, 96 %, 0x0000000000000000
2026/10/01 05:09:45.439, 2275 MHz, 41.29 W, 60, 80 %, 0x0000000000000000
2026/10/01 05:09:46.439, 2275 MHz, 44.89 W, 62, 96 %, 0x0000000000000000
2026/10/01 05:09:47.440, 2275 MHz, 41.24 W, 63, 96 %, 0x0000000000000000
2026/10/01 05:09:48.440, 2275 MHz, 45.21 W, 63, 96 %, 0x0000000000000000
2026/10/01 05:09:49.441, 2275 MHz, 42.15 W, 63, 96 %, 0x0000000000000000
2026/10/01 05:09:50.441, 2268 MHz, 45.21 W, 64, 96 %, 0x0000000000000000
2026/10/01 05:09:51.441, 2268 MHz, 41.83 W, 64, 96 %, 0x0000000000000000
2026/10/01 05:09:52.441, 2275 MHz, 45.30 W, 62, 96 %, 0x0000000000000000
2026/10/01 05:09:53.442, 2268 MHz, 42.60 W, 64, 96 %, 0x0000000000000000
2026/10/01 05:09:54.442, 2275 MHz, 44.55 W, 63, 96 %, 0x0000000000000000
2026/10/01 05:09:55.443, 2275 MHz, 42.95 W, 64, 96 %, 0x0000000000000000
2026/10/01 05:09:56.443, 2275 MHz, 41.82 W, 62, 96 %, 0x0000000000000000
2026/10/01 05:09:57.443, 2275 MHz, 46.18 W, 65, 96 %, 0x0000000000000000
2026/10/01 05:09:58.444, 2275 MHz, 41.38 W, 64, 89 %, 0x0000000000000000
2026/10/01 05:09:59.444, 2275 MHz, 46.49 W, 67, 96 %, 0x0000000000000000
2026/10/01 05:10:00.445, 2275 MHz, 42.31 W, 65, 96 %, 0x0000000000000000
2026/10/01 05:10:01.445, 2268 MHz, 45.66 W, 63, 96 %, 0x0000000000000000
2026/10/01 05:10:02.446, 2275 MHz, 43.12 W, 66, 96 %, 0x0000000000000000
2026/10/01 05:10:03.446, 2275 MHz, 44.97 W, 65, 96 %, 0x0000000000000000
2026/10/01 05:10:04.446, 2275 MHz, 14.00 W, 60, 0 %, 0x0000000000000000
2026/10/01 05:10:05.447, 2275 MHz, 19.14 W, 65, 96 %, 0x0000000000000000
2026/10/01 05:10:06.447, 2268 MHz, 44.73 W, 63, 96 %, 0x0000000000000000
2026/10/01 05:10:07.448, 2275 MHz, 41.61 W, 66, 96 %, 0x0000000000000000
2026/10/01 05:10:08.448, 2275 MHz, 44.90 W, 67, 96 %, 0x0000000000000000
2026/10/01 05:10:09.448, 2268 MHz, 41.51 W, 66, 96 %, 0x0000000000000000
2026/10/01 05:10:10.449, 2275 MHz, 45.37 W, 66, 96 %, 0x0000000000000000
2026/10/01 05:10:11.449, 2268 MHz, 41.83 W, 67, 96 %, 0x0000000000000000
2026/10/01 05:10:12.449, 2275 MHz, 42.20 W, 64, 96 %, 0x0000000000000000
2026/10/01 05:10:13.450, 2268 MHz, 45.45 W, 68, 96 %, 0x0000000000000000
2026/10/01 05:10:14.450, 2275 MHz, 41.78 W, 67, 96 %, 0x0000000000000000
2026/10/01 05:10:15.450, 2268 MHz, 45.68 W, 65, 96 %, 0x0000000000000000
2026/10/01 05:10:16.451, 2275 MHz, 42.71 W, 68, 96 %, 0x0000000000000000
2026/10/01 05:10:17.451, 2268 MHz, 45.54 W, 67, 96 %, 0x0000000000000000
2026/10/01 05:10:18.451, 2275 MHz, 42.21 W, 69, 96 %, 0x0000000000000000
2026/10/01 05:10:19.451, 2275 MHz, 46.16 W, 68, 96 %, 0x0000000000000000
2026/10/01 05:10:20.452, 2268 MHz, 42.96 W, 68, 96 %, 0x0000000000000000
2026/10/01 05:10:21.452, 2268 MHz, 45.21 W, 68, 96 %, 0x0000000000000000
2026/10/01 05:10:22.453, 2268 MHz, 43.02 W, 67, 96 %, 0x0000000000000000
2026/10/01 05:10:23.453, 2268 MHz, 42.93 W, 66, 96 %, 0x0000000000000000
2026/10/01 05:10:24.453, 2268 MHz, 46.01 W, 68, 96 %, 0x0000000000000000
2026/10/01 05:10:25.454, 2275 MHz, 41.82 W, 68, 94 %, 0x0000000000000000
2026/10/01 05:10:26.454, 2275 MHz, 47.10 W, 67, 96 %, 0x0000000000000000
2026/10/01 05:10:27.454, 2275 MHz, 42.67 W, 69, 96 %, 0x0000000000000000
2026/10/01 05:10:28.455, 2268 MHz, 46.04 W, 67, 96 %, 0x0000000000000000
2026/10/01 05:10:29.455, 2275 MHz, 43.07 W, 67, 96 %, 0x0000000000000000
2026/10/01 05:10:30.455, 2268 MHz, 46.43 W, 68, 96 %, 0x0000000000000000
2026/10/01 05:10:31.455, 2275 MHz, 42.93 W, 67, 96 %, 0x0000000000000000
2026/10/01 05:10:32.456, 2268 MHz, 47.08 W, 68, 96 %, 0x0000000000000000
2026/10/01 05:10:33.456, 2268 MHz, 42.83 W, 69, 96 %, 0x0000000000000000
2026/10/01 05:10:34.456, 2275 MHz, 39.59 W, 64, 11 %, 0x0000000000000000
2026/10/01 05:10:35.456, 2275 MHz, 22.46 W, 65, 93 %, 0x0000000000000000
2026/10/01 05:10:36.456, 2275 MHz, 27.47 W, 65, 94 %, 0x0000000000000000
2026/10/01 05:10:37.457, 2275 MHz, 27.45 W, 65, 94 %, 0x0000000000000000
2026/10/01 05:10:38.457, 2275 MHz, 27.44 W, 65, 94 %, 0x0000000000000000
2026/10/01 05:10:39.457, 2275 MHz, 27.56 W, 65, 94 %, 0x0000000000000000
2026/10/01 05:10:40.457, 2275 MHz, 27.44 W, 65, 94 %, 0x0000000000000000
2026/10/01 05:10:41.458, 2275 MHz, 27.47 W, 65, 94 %, 0x0000000000000000
2026/10/01 05:10:42.458, 2275 MHz, 25.35 W, 63, 2 %, 0x0000000000000000
2026/10/01 05:10:43.458, 2281 MHz, 12.55 W, 62, 0 %, 0x0000000000000000
2026/10/01 05:10:44.458, 2275 MHz, 12.33 W, 62, 0 %, 0x0000000000000000
2026/10/01 05:10:45.458, 2268 MHz, 21.20 W, 66, 96 %, 0x0000000000000000
2026/10/01 05:10:46.458, 2275 MHz, 44.98 W, 67, 96 %, 0x0000000000000000
2026/10/01 05:10:47.459, 2275 MHz, 31.68 W, 64, 96 %, 0x0000000000000000
2026/10/01 05:10:48.459, 2275 MHz, 26.88 W, 64, 94 %, 0x0000000000000000
2026/10/01 05:10:49.459, 2275 MHz, 26.86 W, 64, 92 %, 0x0000000000000000
2026/10/01 05:10:50.459, 2275 MHz, 26.82 W, 64, 93 %, 0x0000000000000000
2026/10/01 05:10:51.460, 2275 MHz, 26.86 W, 64, 94 %, 0x0000000000000000
2026/10/01 05:10:52.460, 2275 MHz, 26.82 W, 64, 94 %, 0x0000000000000000
2026/10/01 05:10:53.460, 2275 MHz, 26.89 W, 64, 93 %, 0x0000000000000000
2026/10/01 05:10:54.461, 2275 MHz, 26.86 W, 64, 93 %, 0x0000000000000000
2026/10/01 05:10:55.461, 2275 MHz, 26.92 W, 65, 93 %, 0x0000000000000000
2026/10/01 05:10:56.462, 2275 MHz, 27.05 W, 65, 92 %, 0x0000000000000000
2026/10/01 05:10:57.462, 2275 MHz, 27.03 W, 65, 93 %, 0x0000000000000000
2026/10/01 05:10:58.463, 2275 MHz, 27.09 W, 65, 93 %, 0x0000000000000000
2026/10/01 05:10:59.463, 2275 MHz, 26.95 W, 65, 93 %, 0x0000000000000000
2026/10/01 05:11:00.464, 2275 MHz, 26.95 W, 65, 93 %, 0x0000000000000000
2026/10/01 05:11:01.464, 2275 MHz, 26.97 W, 65, 94 %, 0x0000000000000000
2026/10/01 05:11:02.464, 2275 MHz, 27.06 W, 65, 94 %, 0x0000000000000000
2026/10/01 05:11:03.465, 2275 MHz, 27.04 W, 65, 93 %, 0x0000000000000000
2026/10/01 05:11:04.465, 2275 MHz, 26.96 W, 65, 94 %, 0x0000000000000000
2026/10/01 05:11:05.465, 2275 MHz, 27.05 W, 65, 93 %, 0x0000000000000000
2026/10/01 05:11:06.465, 2275 MHz, 26.94 W, 65, 94 %, 0x0000000000000000
2026/10/01 05:11:07.466, 2275 MHz, 26.94 W, 65, 93 %, 0x0000000000000000
2026/10/01 05:11:08.466, 2275 MHz, 26.96 W, 65, 93 %, 0x0000000000000000
2026/10/01 05:11:09.467, 2275 MHz, 26.96 W, 65, 92 %, 0x0000000000000000
2026/10/01 05:11:10.467, 2275 MHz, 27.18 W, 65, 93 %, 0x0000000000000000
2026/10/01 05:11:11.467, 2275 MHz, 27.02 W, 65, 93 %, 0x0000000000000000
2026/10/01 05:11:12.468, 2275 MHz, 26.97 W, 65, 92 %, 0x0000000000000000
2026/10/01 05:11:13.469, 2275 MHz, 26.92 W, 65, 94 %, 0x0000000000000000
2026/10/01 05:11:14.469, 2275 MHz, 26.91 W, 65, 94 %, 0x0000000000000000
2026/10/01 05:11:15.469, 2275 MHz, 26.89 W, 65, 93 %, 0x0000000000000000
2026/10/01 05:11:16.470, 2275 MHz, 27.02 W, 65, 93 %, 0x0000000000000000
2026/10/01 05:11:17.470, 2275 MHz, 27.06 W, 65, 92 %, 0x0000000000000000
2026/10/01 05:11:18.470, 2275 MHz, 27.02 W, 65, 93 %, 0x0000000000000000
2026/10/01 05:11:19.471, 2275 MHz, 27.69 W, 65, 93 %, 0x0000000000000000
2026/10/01 05:11:20.471, 2275 MHz, 26.97 W, 65, 94 %, 0x0000000000000000
2026/10/01 05:11:21.472, 2281 MHz, 17.31 W, 63, 0 %, 0x0000000000000000
2026/10/01 05:11:22.472, 2281 MHz, 12.44 W, 62, 0 %, 0x0000000000000000
2026/10/01 05:11:23.483, 2275 MHz, 12.22 W, 61, 0 %, 0x0000000000000000
2026/10/01 05:11:24.483, 2275 MHz, 32.03 W, 66, 96 %, 0x0000000000000000
2026/10/01 05:11:25.484, 2275 MHz, 44.92 W, 68, 96 %, 0x0000000000000000
2026/10/01 05:11:26.484, 2275 MHz, 42.70 W, 67, 96 %, 0x0000000000000000
2026/10/01 05:11:27.485, 2275 MHz, 42.09 W, 65, 96 %, 0x0000000000000000
2026/10/01 05:11:28.485, 2275 MHz, 45.34 W, 69, 96 %, 0x0000000000000000
2026/10/01 05:11:29.486, 2275 MHz, 41.83 W, 66, 96 %, 0x0000000000000000
2026/10/01 05:11:30.486, 2275 MHz, 45.64 W, 66, 96 %, 0x0000000000000000
2026/10/01 05:11:31.486, 2268 MHz, 42.61 W, 68, 96 %, 0x0000000000000000
2026/10/01 05:11:32.486, 2275 MHz, 45.81 W, 67, 96 %, 0x0000000000000000
2026/10/01 05:11:33.487, 2268 MHz, 42.69 W, 68, 96 %, 0x0000000000000000
2026/10/01 05:11:34.487, 2275 MHz, 45.88 W, 69, 96 %, 0x0000000000000000
2026/10/01 05:11:35.487, 2275 MHz, 42.82 W, 69, 96 %, 0x0000000000000000
2026/10/01 05:11:36.488, 2275 MHz, 43.62 W, 67, 96 %, 0x0000000000000000
2026/10/01 05:11:37.488, 2275 MHz, 44.13 W, 69, 96 %, 0x0000000000000000
2026/10/01 05:11:38.488, 2275 MHz, 42.02 W, 67, 79 %, 0x0000000000000000
2026/10/01 05:11:39.489, 2268 MHz, 46.15 W, 69, 96 %, 0x0000000000000000
2026/10/01 05:11:40.489, 2268 MHz, 42.09 W, 69, 96 %, 0x0000000000000000
2026/10/01 05:11:41.489, 2268 MHz, 46.21 W, 67, 96 %, 0x0000000000000000
2026/10/01 05:11:42.489, 2268 MHz, 43.07 W, 69, 96 %, 0x0000000000000000
2026/10/01 05:11:43.489, 2275 MHz, 46.60 W, 71, 96 %, 0x0000000000000000
2026/10/01 05:11:44.490, 2268 MHz, 42.96 W, 69, 96 %, 0x0000000000000000
2026/10/01 05:11:45.490, 2275 MHz, 46.80 W, 71, 96 %, 0x0000000000000000
2026/10/01 05:11:46.490, 2275 MHz, 42.90 W, 71, 96 %, 0x0000000000000000
2026/10/01 05:11:47.491, 2275 MHz, 46.70 W, 69, 96 %, 0x0000000000000000
2026/10/01 05:11:48.491, 2275 MHz, 44.07 W, 69, 96 %, 0x0000000000000000
2026/10/01 05:11:49.491, 2275 MHz, 45.51 W, 70, 96 %, 0x0000000000000000
2026/10/01 05:11:50.491, 2275 MHz, 44.74 W, 68, 96 %, 0x0000000000000000
2026/10/01 05:11:51.491, 2275 MHz, 43.18 W, 67, 96 %, 0x0000000000000000
2026/10/01 05:11:52.491, 2268 MHz, 46.12 W, 68, 96 %, 0x0000000000000000
2026/10/01 05:11:53.492, 2281 MHz, 26.31 W, 64, 0 %, 0x0000000000000000
2026/10/01 05:11:54.492, 2275 MHz, 28.64 W, 66, 94 %, 0x0000000000000000
2026/10/01 05:11:55.492, 2275 MHz, 27.49 W, 66, 94 %, 0x0000000000000000
2026/10/01 05:11:56.493, 2275 MHz, 27.45 W, 66, 93 %, 0x0000000000000000
2026/10/01 05:11:57.493, 2275 MHz, 27.54 W, 66, 94 %, 0x0000000000000000
2026/10/01 05:11:58.493, 2275 MHz, 27.59 W, 67, 94 %, 0x0000000000000000
2026/10/01 05:11:59.493, 2275 MHz, 27.59 W, 66, 93 %, 0x0000000000000000
2026/10/01 05:12:00.493, 2275 MHz, 27.54 W, 66, 92 %, 0x0000000000000000
2026/10/01 05:12:01.494, 2275 MHz, 27.71 W, 67, 94 %, 0x0000000000000000
2026/10/01 05:12:02.494, 2275 MHz, 27.62 W, 66, 94 %, 0x0000000000000000
2026/10/01 05:12:03.494, 2275 MHz, 28.04 W, 67, 92 %, 0x0000000000000000
2026/10/01 05:12:04.494, 2275 MHz, 28.30 W, 67, 94 %, 0x0000000000000000
2026/10/01 05:12:05.495, 2275 MHz, 28.36 W, 67, 94 %, 0x0000000000000000
2026/10/01 05:12:06.495, 2275 MHz, 28.34 W, 67, 94 %, 0x0000000000000000
2026/10/01 05:12:07.495, 2275 MHz, 28.02 W, 67, 94 %, 0x0000000000000000
2026/10/01 05:12:08.495, 2275 MHz, 28.33 W, 67, 93 %, 0x0000000000000000
2026/10/01 05:12:09.496, 2275 MHz, 28.05 W, 67, 94 %, 0x0000000000000000
2026/10/01 05:12:10.496, 2275 MHz, 28.25 W, 67, 93 %, 0x0000000000000000
2026/10/01 05:12:11.497, 2275 MHz, 27.91 W, 67, 93 %, 0x0000000000000000
2026/10/01 05:12:12.497, 2275 MHz, 27.93 W, 67, 93 %, 0x0000000000000000
2026/10/01 05:12:13.497, 2275 MHz, 27.79 W, 67, 94 %, 0x0000000000000000
2026/10/01 05:12:14.497, 2275 MHz, 27.86 W, 67, 92 %, 0x0000000000000000
2026/10/01 05:12:15.498, 2275 MHz, 27.95 W, 67, 94 %, 0x0000000000000000
2026/10/01 05:12:16.498, 2275 MHz, 27.94 W, 67, 93 %, 0x0000000000000000
2026/10/01 05:12:17.499, 2275 MHz, 27.51 W, 67, 94 %, 0x0000000000000000
2026/10/01 05:12:18.500, 2275 MHz, 26.74 W, 67, 93 %, 0x0000000000000000
2026/10/01 05:12:19.500, 2275 MHz, 27.73 W, 67, 94 %, 0x0000000000000000
2026/10/01 05:12:20.501, 2275 MHz, 27.61 W, 67, 95 %, 0x0000000000000000
2026/10/01 05:12:21.501, 2275 MHz, 27.50 W, 66, 93 %, 0x0000000000000000
2026/10/01 05:12:22.502, 2275 MHz, 27.57 W, 66, 94 %, 0x0000000000000000
2026/10/01 05:12:23.502, 2275 MHz, 27.56 W, 66, 94 %, 0x0000000000000000
2026/10/01 05:12:24.503, 2275 MHz, 27.47 W, 66, 94 %, 0x0000000000000000
2026/10/01 05:12:25.503, 2275 MHz, 27.54 W, 66, 93 %, 0x0000000000000000
2026/10/01 05:12:26.504, 2275 MHz, 27.47 W, 66, 93 %, 0x0000000000000000
2026/10/01 05:12:27.504, 2275 MHz, 27.48 W, 66, 94 %, 0x0000000000000000
2026/10/01 05:12:28.504, 2281 MHz, 18.76 W, 63, 0 %, 0x0000000000000000
2026/10/01 05:12:29.505, 2281 MHz, 12.44 W, 62, 0 %, 0x0000000000000000
2026/10/01 05:12:30.505, 2275 MHz, 12.23 W, 62, 0 %, 0x0000000000000000
2026/10/01 05:12:31.505, 2275 MHz, 21.11 W, 64, 96 %, 0x0000000000000000
2026/10/01 05:12:32.505, 2275 MHz, 37.28 W, 65, 95 %, 0x0000000000000000
2026/10/01 05:12:33.506, 2275 MHz, 29.82 W, 65, 94 %, 0x0000000000000000
2026/10/01 05:12:34.506, 2275 MHz, 29.85 W, 65, 94 %, 0x0000000000000000
2026/10/01 05:12:35.506, 2275 MHz, 29.56 W, 65, 95 %, 0x0000000000000000
2026/10/01 05:12:36.507, 2275 MHz, 29.57 W, 65, 93 %, 0x0000000000000000
2026/10/01 05:12:37.507, 2275 MHz, 28.80 W, 65, 86 %, 0x0000000000000000
2026/10/01 05:12:38.507, 2275 MHz, 28.80 W, 65, 95 %, 0x0000000000000000
2026/10/01 05:12:39.508, 2275 MHz, 29.54 W, 65, 94 %, 0x0000000000000000
2026/10/01 05:12:40.508, 2275 MHz, 29.56 W, 65, 95 %, 0x0000000000000000
2026/10/01 05:12:41.508, 2275 MHz, 29.24 W, 65, 94 %, 0x0000000000000000
2026/10/01 05:12:42.509, 2275 MHz, 28.75 W, 65, 86 %, 0x0000000000000000
2026/10/01 05:12:43.509, 2275 MHz, 29.38 W, 65, 86 %, 0x0000000000000000
2026/10/01 05:12:44.509, 2275 MHz, 29.49 W, 65, 95 %, 0x0000000000000000
2026/10/01 05:12:45.510, 2275 MHz, 28.98 W, 65, 95 %, 0x0000000000000000
2026/10/01 05:12:46.510, 2275 MHz, 28.86 W, 66, 95 %, 0x0000000000000000
2026/10/01 05:12:47.510, 2275 MHz, 29.26 W, 66, 86 %, 0x0000000000000000
2026/10/01 05:12:48.510, 2275 MHz, 28.93 W, 66, 95 %, 0x0000000000000000
2026/10/01 05:12:49.511, 2275 MHz, 29.45 W, 66, 94 %, 0x0000000000000000
2026/10/01 05:12:50.511, 2275 MHz, 29.50 W, 66, 85 %, 0x0000000000000000
2026/10/01 05:12:51.511, 2275 MHz, 29.58 W, 65, 86 %, 0x0000000000000000
2026/10/01 05:12:52.511, 2275 MHz, 29.88 W, 66, 95 %, 0x0000000000000000
2026/10/01 05:12:53.512, 2275 MHz, 29.35 W, 66, 95 %, 0x0000000000000000
2026/10/01 05:12:54.512, 2275 MHz, 29.95 W, 66, 95 %, 0x0000000000000000
2026/10/01 05:12:55.512, 2275 MHz, 29.46 W, 65, 85 %, 0x0000000000000000
2026/10/01 05:12:56.512, 2275 MHz, 29.49 W, 65, 86 %, 0x0000000000000000
2026/10/01 05:12:57.512, 2275 MHz, 29.71 W, 65, 86 %, 0x0000000000000000
2026/10/01 05:12:58.513, 2275 MHz, 29.69 W, 65, 95 %, 0x0000000000000000
2026/10/01 05:12:59.513, 2275 MHz, 29.21 W, 65, 94 %, 0x0000000000000000
2026/10/01 05:13:00.513, 2275 MHz, 29.40 W, 65, 85 %, 0x0000000000000000
2026/10/01 05:13:01.513, 2275 MHz, 29.28 W, 65, 95 %, 0x0000000000000000
2026/10/01 05:13:02.514, 2275 MHz, 29.65 W, 65, 95 %, 0x0000000000000000
2026/10/01 05:13:03.514, 2275 MHz, 29.38 W, 65, 95 %, 0x0000000000000000
2026/10/01 05:13:04.514, 2275 MHz, 29.65 W, 65, 95 %, 0x0000000000000000
2026/10/01 05:13:05.514, 2275 MHz, 29.88 W, 66, 95 %, 0x0000000000000000
2026/10/01 05:13:06.515, 2281 MHz, 21.19 W, 62, 0 %, 0x0000000000000000
2026/10/01 05:13:07.515, 2275 MHz, 12.32 W, 62, 0 %, 0x0000000000000000
2026/10/01 05:13:08.515, 2275 MHz, 12.15 W, 61, 0 %, 0x0000000000000000
2026/10/01 05:13:09.515, 2275 MHz, 20.72 W, 63, 96 %, 0x0000000000000000
2026/10/01 05:13:10.515, 2268 MHz, 41.56 W, 66, 96 %, 0x0000000000000000
2026/10/01 05:13:11.516, 2275 MHz, 35.79 W, 64, 86 %, 0x0000000000000000
2026/10/01 05:13:12.516, 2275 MHz, 28.99 W, 64, 86 %, 0x0000000000000000
2026/10/01 05:13:13.516, 2275 MHz, 29.18 W, 64, 86 %, 0x0000000000000000
2026/10/01 05:13:14.516, 2275 MHz, 29.05 W, 64, 86 %, 0x0000000000000000
2026/10/01 05:13:15.517, 2275 MHz, 29.03 W, 64, 88 %, 0x0000000000000000
2026/10/01 05:13:16.517, 2275 MHz, 29.00 W, 64, 86 %, 0x0000000000000000
2026/10/01 05:13:17.518, 2275 MHz, 29.13 W, 64, 86 %, 0x0000000000000000
2026/10/01 05:13:18.518, 2275 MHz, 29.10 W, 65, 93 %, 0x0000000000000000
2026/10/01 05:13:19.518, 2275 MHz, 29.13 W, 65, 96 %, 0x0000000000000000
2026/10/01 05:13:20.519, 2275 MHz, 28.95 W, 64, 86 %, 0x0000000000000000
2026/10/01 05:13:21.519, 2275 MHz, 29.26 W, 65, 86 %, 0x0000000000000000
2026/10/01 05:13:22.520, 2275 MHz, 29.36 W, 65, 96 %, 0x0000000000000000
2026/10/01 05:13:23.520, 2275 MHz, 29.18 W, 65, 86 %, 0x0000000000000000
2026/10/01 05:13:24.521, 2275 MHz, 29.14 W, 65, 90 %, 0x0000000000000000
2026/10/01 05:13:25.521, 2275 MHz, 28.99 W, 65, 86 %, 0x0000000000000000
2026/10/01 05:13:26.522, 2275 MHz, 29.18 W, 65, 96 %, 0x0000000000000000
2026/10/01 05:13:27.522, 2275 MHz, 29.05 W, 64, 86 %, 0x0000000000000000
2026/10/01 05:13:28.523, 2275 MHz, 29.25 W, 65, 94 %, 0x0000000000000000
2026/10/01 05:13:29.523, 2275 MHz, 28.98 W, 64, 86 %, 0x0000000000000000
2026/10/01 05:13:30.524, 2275 MHz, 28.98 W, 65, 85 %, 0x0000000000000000
2026/10/01 05:13:31.524, 2275 MHz, 29.11 W, 65, 96 %, 0x0000000000000000
2026/10/01 05:13:32.524, 2275 MHz, 28.93 W, 64, 85 %, 0x0000000000000000
2026/10/01 05:13:33.525, 2275 MHz, 29.02 W, 65, 85 %, 0x0000000000000000
2026/10/01 05:13:34.525, 2275 MHz, 29.16 W, 65, 96 %, 0x0000000000000000
2026/10/01 05:13:35.526, 2275 MHz, 29.15 W, 65, 95 %, 0x0000000000000000
2026/10/01 05:13:36.526, 2275 MHz, 29.25 W, 65, 96 %, 0x0000000000000000
2026/10/01 05:13:37.527, 2275 MHz, 29.10 W, 65, 96 %, 0x0000000000000000
2026/10/01 05:13:38.528, 2275 MHz, 29.10 W, 65, 96 %, 0x0000000000000000
2026/10/01 05:13:39.528, 2275 MHz, 29.16 W, 65, 94 %, 0x0000000000000000
2026/10/01 05:13:40.528, 2275 MHz, 29.03 W, 65, 91 %, 0x0000000000000000
2026/10/01 05:13:41.529, 2275 MHz, 29.13 W, 65, 96 %, 0x0000000000000000
2026/10/01 05:13:42.529, 2275 MHz, 29.17 W, 65, 96 %, 0x0000000000000000
2026/10/01 05:13:43.530, 2275 MHz, 29.14 W, 65, 96 %, 0x0000000000000000
2026/10/01 05:13:44.530, 2275 MHz, 29.08 W, 65, 96 %, 0x0000000000000000
2026/10/01 05:13:45.531, 2281 MHz, 22.78 W, 62, 0 %, 0x0000000000000000
2026/10/01 05:13:46.531, 2275 MHz, 12.21 W, 61, 0 %, 0x0000000000000000
2026/10/01 05:13:47.531, 2275 MHz, 12.07 W, 61, 0 %, 0x0000000000000000
2026/10/01 05:13:48.532, 2275 MHz, 17.95 W, 60, 0 %, 0x0000000000000000
2026/10/01 05:13:49.532, 2275 MHz, 21.16 W, 63, 91 %, 0x0000000000000000
2026/10/01 05:13:50.533, 2275 MHz, 30.11 W, 63, 80 %, 0x0000000000000000
2026/10/01 05:13:51.533, 2275 MHz, 30.63 W, 64, 80 %, 0x0000000000000000
2026/10/01 05:13:52.533, 2275 MHz, 30.05 W, 64, 93 %, 0x0000000000000000
2026/10/01 05:13:53.533, 2275 MHz, 29.46 W, 64, 86 %, 0x0000000000000000
2026/10/01 05:13:54.534, 2275 MHz, 29.58 W, 64, 95 %, 0x0000000000000000
2026/10/01 05:13:55.534, 2275 MHz, 29.39 W, 64, 86 %, 0x0000000000000000
2026/10/01 05:13:56.535, 2275 MHz, 30.20 W, 64, 95 %, 0x0000000000000000
2026/10/01 05:13:57.535, 2275 MHz, 29.78 W, 64, 85 %, 0x0000000000000000
2026/10/01 05:13:58.535, 2275 MHz, 29.58 W, 64, 92 %, 0x0000000000000000
2026/10/01 05:13:59.535, 2275 MHz, 29.74 W, 64, 89 %, 0x0000000000000000
2026/10/01 05:14:00.536, 2275 MHz, 29.61 W, 64, 86 %, 0x0000000000000000
2026/10/01 05:14:01.536, 2275 MHz, 29.84 W, 64, 92 %, 0x0000000000000000
2026/10/01 05:14:02.536, 2275 MHz, 30.14 W, 64, 86 %, 0x0000000000000000
2026/10/01 05:14:03.536, 2275 MHz, 29.31 W, 64, 86 %, 0x0000000000000000
2026/10/01 05:14:04.537, 2275 MHz, 29.37 W, 65, 86 %, 0x0000000000000000
2026/10/01 05:14:05.537, 2275 MHz, 29.63 W, 64, 86 %, 0x0000000000000000
2026/10/01 05:14:06.537, 2275 MHz, 29.39 W, 64, 86 %, 0x0000000000000000
2026/10/01 05:14:07.538, 2275 MHz, 29.73 W, 63, 86 %, 0x0000000000000000
2026/10/01 05:14:08.538, 2275 MHz, 29.50 W, 64, 92 %, 0x0000000000000000
2026/10/01 05:14:09.539, 2275 MHz, 29.75 W, 64, 95 %, 0x0000000000000000
2026/10/01 05:14:10.539, 2275 MHz, 29.58 W, 64, 86 %, 0x0000000000000000
2026/10/01 05:14:11.539, 2275 MHz, 29.44 W, 65, 96 %, 0x0000000000000000
2026/10/01 05:14:12.540, 2275 MHz, 29.86 W, 65, 86 %, 0x0000000000000000
2026/10/01 05:14:13.541, 2275 MHz, 29.60 W, 65, 86 %, 0x0000000000000000
2026/10/01 05:14:14.541, 2275 MHz, 29.43 W, 65, 96 %, 0x0000000000000000
2026/10/01 05:14:15.542, 2275 MHz, 29.63 W, 65, 86 %, 0x0000000000000000
2026/10/01 05:14:16.542, 2275 MHz, 29.35 W, 64, 86 %, 0x0000000000000000
2026/10/01 05:14:17.542, 2275 MHz, 29.79 W, 65, 86 %, 0x0000000000000000
2026/10/01 05:14:18.543, 2275 MHz, 29.62 W, 65, 86 %, 0x0000000000000000
2026/10/01 05:14:19.543, 2275 MHz, 29.45 W, 64, 86 %, 0x0000000000000000
2026/10/01 05:14:20.543, 2275 MHz, 29.53 W, 65, 88 %, 0x0000000000000000
2026/10/01 05:14:21.544, 2275 MHz, 29.57 W, 65, 86 %, 0x0000000000000000
2026/10/01 05:14:22.544, 2275 MHz, 29.68 W, 65, 94 %, 0x0000000000000000
2026/10/01 05:14:23.545, 2275 MHz, 29.52 W, 65, 86 %, 0x0000000000000000
2026/10/01 05:14:24.545, 2275 MHz, 29.64 W, 65, 88 %, 0x0000000000000000
2026/10/01 05:14:25.545, 2275 MHz, 29.49 W, 65, 86 %, 0x0000000000000000
2026/10/01 05:14:26.546, 2275 MHz, 15.98 W, 62, 0 %, 0x0000000000000000
2026/10/01 05:14:27.546, 2275 MHz, 12.22 W, 61, 0 %, 0x0000000000000000
2026/10/01 05:14:28.546, 2275 MHz, 12.12 W, 60, 0 %, 0x0000000000000000
2026/10/01 05:14:29.546, 2275 MHz, 18.08 W, 60, 0 %, 0x0000000000000000
2026/10/01 05:14:30.547, 2275 MHz, 28.29 W, 64, 96 %, 0x0000000000000000
2026/10/01 05:14:31.547, 2275 MHz, 33.29 W, 64, 96 %, 0x0000000000000000
2026/10/01 05:14:32.547, 2275 MHz, 30.80 W, 63, 81 %, 0x0000000000000000
2026/10/01 05:14:33.548, 2275 MHz, 32.73 W, 64, 96 %, 0x0000000000000000
2026/10/01 05:14:34.548, 2275 MHz, 33.02 W, 64, 96 %, 0x0000000000000000
2026/10/01 05:14:35.549, 2275 MHz, 30.38 W, 63, 85 %, 0x0000000000000000
2026/10/01 05:14:36.550, 2275 MHz, 30.30 W, 63, 86 %, 0x0000000000000000
2026/10/01 05:14:37.550, 2275 MHz, 30.20 W, 64, 86 %, 0x0000000000000000
2026/10/01 05:14:38.550, 2275 MHz, 30.14 W, 64, 86 %, 0x0000000000000000
2026/10/01 05:14:39.550, 2275 MHz, 30.05 W, 64, 86 %, 0x0000000000000000
2026/10/01 05:14:40.551, 2275 MHz, 30.04 W, 65, 86 %, 0x0000000000000000
2026/10/01 05:14:41.551, 2275 MHz, 30.26 W, 65, 86 %, 0x0000000000000000
2026/10/01 05:14:42.551, 2275 MHz, 30.14 W, 65, 86 %, 0x0000000000000000
2026/10/01 05:14:43.551, 2275 MHz, 30.25 W, 65, 88 %, 0x0000000000000000
2026/10/01 05:14:44.552, 2275 MHz, 30.41 W, 65, 86 %, 0x0000000000000000
2026/10/01 05:14:45.552, 2275 MHz, 30.28 W, 65, 86 %, 0x0000000000000000
2026/10/01 05:14:46.552, 2275 MHz, 30.48 W, 65, 86 %, 0x0000000000000000
2026/10/01 05:14:47.552, 2275 MHz, 30.37 W, 65, 86 %, 0x0000000000000000
2026/10/01 05:14:48.553, 2275 MHz, 30.41 W, 65, 86 %, 0x0000000000000000
2026/10/01 05:14:49.553, 2275 MHz, 30.48 W, 65, 86 %, 0x0000000000000000
2026/10/01 05:14:50.553, 2275 MHz, 30.36 W, 65, 86 %, 0x0000000000000000
2026/10/01 05:14:51.553, 2275 MHz, 30.56 W, 65, 86 %, 0x0000000000000000
2026/10/01 05:14:52.554, 2275 MHz, 30.51 W, 65, 86 %, 0x0000000000000000
2026/10/01 05:14:53.554, 2275 MHz, 30.42 W, 66, 86 %, 0x0000000000000000
2026/10/01 05:14:54.554, 2275 MHz, 30.55 W, 66, 86 %, 0x0000000000000000
2026/10/01 05:14:55.555, 2275 MHz, 30.54 W, 66, 95 %, 0x0000000000000000
2026/10/01 05:14:56.555, 2275 MHz, 30.59 W, 66, 86 %, 0x0000000000000000
2026/10/01 05:14:57.556, 2275 MHz, 30.49 W, 66, 86 %, 0x0000000000000000
2026/10/01 05:14:58.556, 2275 MHz, 30.52 W, 66, 86 %, 0x0000000000000000
2026/10/01 05:14:59.556, 2275 MHz, 30.51 W, 66, 86 %, 0x0000000000000000
2026/10/01 05:15:00.556, 2275 MHz, 30.59 W, 67, 96 %, 0x0000000000000000
2026/10/01 05:15:01.557, 2275 MHz, 30.75 W, 66, 86 %, 0x0000000000000000
2026/10/01 05:15:02.557, 2275 MHz, 30.70 W, 67, 96 %, 0x0000000000000000
2026/10/01 05:15:03.557, 2275 MHz, 30.63 W, 67, 86 %, 0x0000000000000000
2026/10/01 05:15:04.558, 2275 MHz, 30.72 W, 67, 96 %, 0x0000000000000000
2026/10/01 05:15:05.558, 2275 MHz, 30.59 W, 67, 86 %, 0x0000000000000000
2026/10/01 05:15:06.558, 2275 MHz, 30.77 W, 67, 92 %, 0x0000000000000000
2026/10/01 05:15:07.559, 2275 MHz, 30.51 W, 67, 96 %, 0x0000000000000000
2026/10/01 05:15:08.559, 2275 MHz, 30.42 W, 66, 86 %, 0x0000000000000000
2026/10/01 05:15:09.560, 2281 MHz, 13.83 W, 63, 0 %, 0x0000000000000000
2026/10/01 05:15:10.561, 2281 MHz, 12.52 W, 63, 0 %, 0x0000000000000000
2026/10/01 05:15:11.561, 2281 MHz, 12.41 W, 62, 0 %, 0x0000000000000000
